player_id,5,6,7,level
18,0.6208068537983342,0.5544992563490915,0.5834613415258576,7
128,0.6173758865248228,0.43661971830985913,0.43327702702702703,6
154,0.6140350877192983,0.38888888888888884,0.4285714285714286,5
181,0.5774647887323944,0.44841139102722183,0.4,5
198,0.5714285714285714,0.3781028368794326,0.3934025919096995,5
202,0.4672652248059033,0.42256168776420416,0.28260869565217406,5
219,0.5560787671232876,0.4397787397787398,0.2325581395348837,5
220,0.5855723444481067,0.4818819173657884,0.40020279055018226,6
228,0.518359566540828,0.4410152347652348,0.4137931034482759,5
272,0.5954011122036214,0.578251849404887,0.4785164377861008,6
286,0.6213702657001626,0.5751089743589743,0.5100490196078431,7
324,0.5575911844838365,0.4413762783608145,0.4026923076923077,5
334,0.5391297136128885,0.5887145262145262,0.46285541652734513,6
397,0.5359031281449554,0.4231182795698925,0.3985294117647059,6
431,0.6633819471817106,0.7021276595744681,0.5189873417721519,7
432,0.5638114895080839,0.458955223880597,0.485837009519387,6
445,0.5124432023438179,0.4353730223687681,0.33999999999999997,5
447,0.4952891487979207,0.44304055868922915,0.3856209150326797,5
461,0.5985576923076923,0.41408877860490767,0.3913043478260869,5
462,0.5039793759363332,0.463586974969717,0.45569620253164556,5
463,0.5776385229379717,0.44674559398396607,0.4354838709677419,5
464,0.5338833659793487,0.4364590496060431,0.4383561643835616,6
465,0.5076034275790265,0.4707356584715075,0.3125,5
502,0.557246835443038,0.4656046176046176,0.4512195121951219,6
662,0.39101991406111214,0.6415094339622641,0.33326530612244887,5
669,0.5916110860083346,0.5622343023432739,0.3653846153846154,7
677,0.41954022988505746,0.4018227009113504,0.3841955386805884,5
741,0.6058464616154039,0.603448275862069,0.44723174005756067,7
743,0.5684635834726764,0.4699214025679306,0.3928571428571429,6
756,0.5543478260869565,0.694813829787234,0.4347826086956522,7
785,0.5275653790637393,0.48342218993841707,0.3859264184397163,6
786,0.5946396837027128,0.5444730477513257,0.45644625555122964,7
787,0.5503261061166931,0.4437191700579602,0.3529411764705882,6
793,0.6,0.47990101444314176,0.4075591985428051,5
846,0.553533849451762,0.4250465969215969,0.44828409832965116,6
857,0.5974623625380009,0.5403296502441951,0.5333333333333333,7
881,0.4690688775510204,0.4862401692634279,0.44303797468354433,5
883,0.35130718954248363,0.4353456257810465,0.2325581395348837,5
909,0.48883633375377444,0.4508064516129032,0.34595761381475665,5
921,0.5647100006151027,0.47959308172416903,0.4525396825396825,6
922,0.45484188034188033,0.3579100145137881,0.38181818181818183,5
926,0.4929462506776643,0.5047488388278111,0.4642983932562021,6
939,0.46805964653902804,0.4635583160251092,0.33844517957881204,5
945,0.5909090909090909,0.5108695652173914,0.4137931034482759,6
947,0.5357142857142857,0.4285714285714286,0.5326086956521738,5
949,0.5648961071626606,0.5211665620232874,0.3386904761904762,6
965,0.5318587228912782,0.44472091050283524,0.41689976689976693,5
1008,0.4010332950631459,0.4767155067155067,0.450098814229249,5
1043,0.5802469135802469,0.6005998890784384,0.5652173913043478,7
1050,0.5641757435212282,0.5314666339032076,0.45611101648403646,6
1075,0.5483551177284332,0.48043914474372224,0.4441830271358026,6
1077,0.47304463080778864,0.49527244409923554,0.4158421433089365,5
1080,0.5489371235453325,0.5390696350257962,0.49089839463740237,5
1122,0.5133919443876508,0.3943661971830986,0.37578957695236764,5
1124,0.6,0.6481481481481481,0.5299336650082919,7
1129,0.6837209302325582,0.5852490155842716,0.46110891160181333,7
1132,0.5862068965517241,0.5435524425287357,0.4731182795698925,6
1158,0.4454417103670836,0.4625,0.4,5
1218,0.4932389283009185,0.4963836668465473,0.4147004955828485,6
1239,0.5453064559027136,0.5445464445558285,0.4651879289057341,6
1240,0.5782553607437952,0.5078251244779346,0.4892321988840976,6
1254,0.5190014835880694,0.4992914931934987,0.3900462962962963,5
1266,0.66,0.5975252623731147,0.6173076923076923,7
1270,0.529951690821256,0.46287279367011563,0.4256517094017094,6
1277,0.5631298421474215,0.5471007481940143,0.365149833518313,6
1280,0.4875154420288557,0.4684006578528153,0.38303219838660096,5
1300,0.5063387423935091,0.45584466610930946,0.3912042114498794,6
1315,0.5404211463131741,0.5047097977706538,0.49,6
1316,0.4787912912912913,0.44471479265293706,0.38888888888888884,5
1317,0.6111111111111112,0.55,0.5352157527603324,7
1345,0.5294117647058824,0.4725274725274725,0.5,5
1364,0.5,0.5731157320384295,0.4393336789367589,6
1371,0.4324319747760077,0.3880597014925373,0.42649110149110153,5
1388,0.5425531914893617,0.408803304780069,0.3880685147622267,5
1426,0.5275977088370977,0.4820075757575757,0.3529411764705882,5
1455,0.5212604108345221,0.4909209712625726,0.40740740740740744,5
1492,0.4915188321725921,0.45179124718260305,0.4035087719298246,6
1523,0.5,0.5711236285873675,0.561944826007326,7
1536,0.45160588454724615,0.3972730123643821,0.3670713100530178,5
1589,0.39837398373983746,0.5310144927536232,0.37289915966386555,5
1594,0.5876186000716076,0.44988397335129876,0.41666666666666663,5
1624,0.4626940597528833,0.37851662404092073,0.38937553801495217,5
1631,0.5933061063872271,0.5333627444960869,0.4505575852888251,6
1635,0.47330846231521245,0.39647058823529413,0.4211471861471862,5
1639,0.583638840513139,0.5764767932489452,0.5427357644865175,7
1645,0.5368685662163923,0.49534583719851577,0.41469534050179213,5
1647,0.5786366270646189,0.4818212098894542,0.4960392640035205,5
1650,0.5980853987215597,0.46187865497076014,0.5085470085470085,7
1653,0.4950880654423505,0.4736842105263157,0.34851037083595227,5
1685,0.5059869375907111,0.4,0.33272058823529416,5
1757,0.6193891334474607,0.5224275704613446,0.5343872914041318,7
1759,0.6005605928157137,0.5495783439275869,0.43192539542051567,7
1777,0.5645161290322581,0.5569620253164557,0.4225352112676056,7
1781,0.6035778110808162,0.5540625078648775,0.5037972085385879,7
1789,0.6076436388508891,0.5665340406719717,0.5591397849462365,7
1795,0.5213467798186469,0.5138162307176392,0.41272306779382584,6
1879,0.28260869565217406,0.46430704898446834,0.41025641025641024,5
1883,0.5761560941546797,0.5298811754288756,0.5136686567489918,7
1884,0.530691794555753,0.5462631231251645,0.5243503898635478,7
1885,0.6258834595711193,0.5340389016018307,0.44892177428514646,7
2016,0.4657534246575342,0.5444444444444444,0.3479386626445449,5
2020,0.5808212058212058,0.6875,0.47756410256410253,7
2060,0.4297424274185096,0.4155844155844156,0.4152204737758735,5
2063,0.4764254385964912,0.4822049772544822,0.3416418268407167,5
2126,0.44520528355840056,0.4833779097897962,0.3712927847253251,5
2154,0.6163819553086273,0.5515636634400596,0.5290598290598291,7
2157,0.6130373505895327,0.5657596371882087,0.44126984126984126,7
2177,0.4784859875184431,0.44507579051097007,0.46090387374461983,5
2230,0.5312789633418016,0.46283550757234976,0.39315681684022163,6
2231,0.5789473684210527,0.603448275862069,0.4666666666666667,7
2232,0.6048779810765582,0.43067822209436135,0.43103448275862066,5
2235,0.5357416033211017,0.42862916518682437,0.4092189500640204,5
2284,0.5441176470588235,0.6734693877551021,0.42934113300492605,6
2331,0.667408416694886,0.6622670807453415,0.45052136577387036,7
2342,0.4946236559139785,0.42,0.25,5
2343,0.5517506577615867,0.4626865671641791,0.3317963111467521,5
2397,0.4368872549019608,0.5079411764705883,0.5145631067961165,5
2405,0.6205041684745553,0.5963124646697726,0.5529364437252787,7
2460,0.5785180097680098,0.49062049062049057,0.4414515203671831,5
2461,0.6655405405405406,0.530926597761158,0.3911134073882717,6
2465,0.4843665742127404,0.43059685992515717,0.3264664128655803,5
2473,0.5183781581935719,0.4841370606115325,0.46938775510204084,6
2490,0.5417347279131575,0.4681513784691265,0.4096192950892769,5
2531,0.4193548387096774,0.39282407407407405,0.37735849056603776,5
2769,0.4625,0.4514705882352941,0.48255813953488375,6
2770,0.5386607446704261,0.501906902942085,0.398612371445856,6
2798,0.33999999999999997,0.4473684210526315,0.4123287671232877,5
2805,0.5375746380056725,0.46683893195521103,0.42081447963800905,5
2838,0.5317252816495291,0.4900771903431478,0.410302083699833,5
2841,0.571970235886991,0.54030283247177,0.5218414930646657,7
2871,0.48069637239514335,0.4641418211120064,0.34178393386760914,6
2873,0.5530868437118438,0.4897761516556252,0.49925645235990057,6
2874,0.5283752085021589,0.48840442402733836,0.46406909282700426,5
2889,0.5930322008198428,0.5752512479059176,0.5740905357156288,7
2891,0.6734693877551021,0.53125,0.4444444444444444,5
2900,0.47410622776873446,0.49797424797424794,0.46658725490124303,5
2904,0.5619015047879616,0.3926868044515104,0.39111111111111113,5
2910,0.5972257808783892,0.6470588235294118,0.5294685990338164,6
2915,0.6474963715529753,0.3928571428571429,0.45945945945945943,5
2930,0.5248425580162926,0.4620500782472613,0.38901515151515154,6
2975,0.5806451612903226,0.6226415094339622,0.3864406779661017,6
3022,0.5260049474335189,0.48050356506238856,0.3529411764705882,5
3033,0.614569657289909,0.6480554485945322,0.5344054580896686,7
3035,0.5746691574813279,0.502529761904762,0.4100379603207793,6
3050,0.5856907894736842,0.4347826086956522,0.3302711722987066,5
3090,0.5812507129624722,0.4424403309896208,0.39453220557372926,5
3097,0.5454545454545454,0.3653846153846154,0.4137931034482759,5
3122,0.6346153846153846,0.49958378726067404,0.4547297297297297,6
3125,0.423728813559322,0.46266462089246896,0.3593939393939394,5
3130,0.4746930892422696,0.4772727272727273,0.37037037037037035,6
3148,0.552536231884058,0.4632653061224489,0.4698795180722891,6
3305,0.5689655172413793,0.551530183202375,0.41666666666666663,7
3373,0.5257731958762887,0.4546153846153846,0.4736842105263158,6
3379,0.47841025641025636,0.49423480083857446,0.365225406401877,5
3396,0.5454108783465474,0.5366535386084258,0.4563274878364661,6
3398,0.4813087571248797,0.4605263157894737,0.3787878787878788,5
3432,0.48930412371134024,0.4947932937623659,0.38888888888888884,5
3442,0.49188077952900844,0.519066550645498,0.3653846153846154,5
3466,0.6737500000000001,0.6162348118869858,0.5555424967189674,7
3481,0.5245356960198794,0.4930181568506109,0.4452100281602002,5
3484,0.5595313917356649,0.5135459136430782,0.4233138216526921,6
3485,0.5616438356164384,0.4865026278069756,0.3880597014925373,5
3507,0.5687058027997668,0.5343511919231109,0.43178255420554823,6
3510,0.4796068645894126,0.47213483005703116,0.4166995603478708,5
3518,0.6446757972339024,0.5796355096879708,0.5347275982882778,7
3534,0.5056644439152179,0.3506944444444444,0.39921467556094603,5
3538,0.5404056189640035,0.41762866762866757,0.4004326490489153,5
3633,0.5901942645698428,0.4516129032258065,0.4951150673035171,6
3738,0.5160818713450293,0.475048116215597,0.42241943822260214,6
3756,0.45752818035426734,0.4188965059708094,0.3725543478260871,5
3759,0.5400285493368226,0.5691304347826087,0.4246575342465754,6
3760,0.6276193829054242,0.66,0.3137254901960784,7
3761,0.5112919622110799,0.5263157894736842,0.43326436757801207,5
3780,0.5963247494612628,0.6005586248229269,0.5395455297465422,7
3782,0.5277777777777778,0.48235294117647054,0.40712530712530715,6
3787,0.5295255149900294,0.48021346469622334,0.4151685597315849,5
3798,0.5402298850574713,0.4722222222222222,0.4767441860465116,6
3801,0.4631313131313131,0.4225352112676056,0.33999999999999997,5
3803,0.600592301367047,0.5694374577417174,0.4287163876204973,7
3804,0.5004111842105263,0.4656318082788671,0.4604132807058277,5
3856,0.5056080280685843,0.470361461833169,0.409767097909401,6
3879,0.5316597377678286,0.4338919288645691,0.4069185559328564,6
3905,0.6082763264563552,0.48571428571428577,0.3125,6
3924,0.5785806825048165,0.5089365931226397,0.44976742075567183,6
3995,0.5643060895417378,0.5622188370708577,0.4773250330126391,7
4030,0.5384615384615384,0.5532474880499464,0.3805263157894736,6
4106,0.5195753134956866,0.43189964157706084,0.3632653061224489,5
4150,0.48699384342073027,0.41836043360433606,0.40141521133336255,5
4159,0.49909516649643687,0.4721702428570333,0.40040539787527746,5
4181,0.4723723008100311,0.44529182286454777,0.4131176154672396,5
4253,0.5340909090909091,0.47315508021390373,0.4147736613225745,6
4328,0.598193935980475,0.5675675675675675,0.5324675324675324,7
4330,0.4849019607843137,0.5035845463095543,0.4811320754716981,5
4359,0.5011792452830188,0.4404171802773497,0.3529411764705882,6
4383,0.546102742541696,0.4800083806718563,0.46588235294117647,6
4385,0.5269038170823884,0.5258256144955653,0.4359127789046653,6
4386,0.47530381211495765,0.477421231650555,0.4083724569640063,5
4396,0.6258265074112309,0.5633802816901409,0.5454545454545454,6
4401,0.4935347534592239,0.4351751274410939,0.35674699630574414,5
4409,0.5986155440718957,0.522890489270405,0.5066510172143975,7
4432,0.49581331503088544,0.5195399948888321,0.3389423076923077,5
4434,0.6026570048309179,0.43388596105987415,0.3653846153846154,5
4489,0.46739130434782616,0.38888888888888884,0.4,5
4500,0.5159561247386073,0.4180544939352527,0.4459943228618858,5
4530,0.6029039702646437,0.6159756487922652,0.5556523567376627,7
4534,0.5448994252873564,0.4117647058823529,0.3529411764705882,5
4553,0.48554577685046496,0.44846377860490766,0.41286132923637187,5
4555,0.423728813559322,0.45977011494252873,0.43830409356725153,5
4572,0.5748639069030398,0.5263786946805815,0.41060742356094676,5
4573,0.5678653811129238,0.5597023422251138,0.4545080967710467,7
4575,0.3125,0.4444444444444444,0.34595761381475665,5
4662,0.451119612342282,0.38181818181818183,0.3529411764705882,5
4667,0.538351960254283,0.36336639919125546,0.4030374310480692,5
4684,0.6244796736768568,0.5484043978204911,0.5440015796971974,7
4696,0.4912727826351733,0.38357751198688916,0.3810457516339871,5
4741,0.5692307692307692,0.3653846153846154,0.3844857972216462,5
4762,0.5958035133376708,0.5969687092568448,0.5363183827670286,7
4763,0.5972292510121457,0.4872590325093535,0.5432098765432098,6
4764,0.6,0.5409187822173617,0.4196969696969697,7
4765,0.5797083419724929,0.4612000731507993,0.45803588655218985,5
4792,0.6349206349206349,0.4576365663322185,0.45193248532289626,6
4814,0.48210059915192166,0.43047730725323236,0.3777100469746798,5
4838,0.38888888888888884,0.2978723404255319,0.3529411764705882,5
4840,0.4356850848447487,0.4344444444444444,0.35867924528301887,5
4858,0.493083250095904,0.4274193817353049,0.41628972126694963,5
4955,0.525028541661829,0.5207417277370642,0.3926108374384236,5
4956,0.5215771989891579,0.5322842820809639,0.46965587853361296,6
4967,0.4968302859535454,0.3928571428571429,0.6229508196721312,6
5008,0.4687796289527733,0.4051473594357212,0.43963675213675213,6
5071,0.5534182294248299,0.49774682249387314,0.44931653513737,6
5145,0.4954128440366973,0.556682997085474,0.4949494949494949,6
5175,0.5422036832751118,0.5031806343669949,0.39237174759366267,6
5212,0.6104022682970052,0.4285714285714286,0.43768406961178047,6
5236,0.5345867008344832,0.4468006993006993,0.4347826086956522,5
5242,0.5786770491848312,0.5424340364144687,0.43956043956043955,7
5246,0.49399135065531385,0.4470226446743081,0.4082309261525908,5
5257,0.6151710253270212,0.5573789697151029,0.5010255481852678,7
5258,0.5040307548928238,0.5222370422370423,0.4431782336043827,6
5259,0.514539135219094,0.4298953845857307,0.44999999999999996,5
5270,0.6013302034428796,0.4906798245614035,0.4805932104972995,5
5276,0.5654844242793117,0.5518197734332584,0.5238811978189575,7
5277,0.5852433661636698,0.5672514619883041,0.4117647058823529,7
5278,0.5414366451866451,0.5553519621316231,0.3954426295624118,7
5311,0.5894927536231884,0.5106382978723405,0.5950670498084292,7
5328,0.5691321573038078,0.5318556288796559,0.4807756127625278,6
5332,0.47896914676395586,0.37614734299516916,0.46153846153846156,5
5334,0.5350707994186256,0.6004945054945056,0.416729088639201,6
5348,0.5840045371295371,0.5186963480285174,0.3242424242424242,6
5447,0.5175736961451247,0.6226415094339622,0.38235294117647056,6
5457,0.4772363935432855,0.5064368663140646,0.4348576358930112,5
5480,0.459895178197065,0.4798044217687075,0.44047619047619047,5
5488,0.624691053449103,0.6252639720828161,0.5108695652173914,7
5515,0.6142932015573526,0.4935242392342691,0.4616071428571428,6
5528,0.4941231033575639,0.4404911296474004,0.440476992947812,5
5529,0.5269851386652664,0.4825205640423032,0.3449292452830188,5
5550,0.6631138883999296,0.5803417161016177,0.4604413297469488,6
5552,0.5621775025799793,0.39548640370236604,0.446363029696363,5
5554,0.5711357313195549,0.5433089270694152,0.46499318097907577,6
5557,0.5781282604070305,0.5532823909713183,0.4946636375840023,7
5571,0.5463239529062245,0.501041137198865,0.4566882181730571,6
5573,0.5892857142857143,0.44593023255813957,0.4155844155844156,6
5575,0.6014676351943432,0.5386249015233883,0.44153814387280177,6
5577,0.66,0.5398898682334116,0.4418468226060228,6
5588,0.5893463246942854,0.5915492957746479,0.5217391304347826,5
5589,0.6181818181818182,0.5595238095238095,0.5604624992692765,7
5593,0.5789473684210527,0.4919485328346687,0.4092889581497701,6
5614,0.5428933088625166,0.4225352112676056,0.37735849056603776,5
5617,0.5840909090909091,0.545911295911296,0.46915230109774686,7
5628,0.6237776634071024,0.40340909090909094,0.3265306122448979,5
5670,0.654636549913786,0.5523111335885532,0.5150350593311758,7
5677,0.5484571496788162,0.4988970748830681,0.44487980373629876,6
5678,0.5803871222595299,0.5043007938860496,0.4205307667732375,6
5683,0.5262961354754668,0.5418242283429584,0.4005733618233618,6
5688,0.4113682092555332,0.3650793650793651,0.42105263157894735,5
5698,0.6000349769581275,0.5232409849131633,0.4787589459735967,7
5706,0.44067796610169496,0.4201977401129944,0.43103448275862066,5
5743,0.4216106490638747,0.4060181728494714,0.33948194662480374,5
5802,0.6014874588688113,0.5872173877533132,0.5136611094859106,7
5803,0.5590224414775163,0.48195581184711617,0.43453077523510014,5
5805,0.4713333296195504,0.43635471671185955,0.37735849056603776,5
5838,0.6456392212057237,0.5637470018702703,0.5243143096246549,7
5839,0.5714285714285714,0.49425287356321834,0.38925910815948994,7
5844,0.5833333333333334,0.4975926035994686,0.39669109519772316,6
5850,0.6601962081128748,0.5906541800799923,0.37488328664799253,7
5851,0.62547020526041,0.5752607536113419,0.5693072921439417,7
5852,0.627745108121457,0.5660694288913775,0.5604395604395604,7
5889,0.592948717948718,0.5505050505050505,0.5301204819277109,7
5926,0.5335213032581454,0.5509371957156767,0.530278710053991,6
5950,0.5230224921277552,0.36675020885547205,0.36363636363636365,5
5953,0.5365853658536586,0.4559931327334187,0.4166011465187461,6
5972,0.6461729833705234,0.5541008016309525,0.5632183908045977,7
5973,0.40205744907673,0.35169337606837603,0.4099616858237547,5
5982,0.5811764705882353,0.47619047619047616,0.42105263157894735,5
5995,0.5547405270806015,0.5950772319411819,0.49255475732489257,7
5997,0.4929577464788733,0.5054945054945055,0.4427999427999428,7
6000,0.5958035133376708,0.47619047619047616,0.503789861727612,7
6003,0.6339119062750083,0.5037878787878788,0.40554075229607867,6
6009,0.6053160919540229,0.5246574122785032,0.43763154979505925,6
6065,0.5181411158341774,0.3706233058578474,0.2978723404255319,5
6108,0.6435944570135747,0.5199759930287449,0.5014305222300546,7
6109,0.5188876341050254,0.45487608086712944,0.4210880464972813,5
6111,0.506475468975469,0.44121537014056517,0.4137931034482759,5
6116,0.6696834069606674,0.5973911185712919,0.5488562091503267,7
6124,0.4423788577014383,0.28260869565217406,0.4,5
6125,0.540920716112532,0.37735849056603776,0.45643038114122064,5
6135,0.5284009521402089,0.465812107416585,0.4382771941982468,5
6181,0.5641668557704442,0.4831648926986397,0.47753129837466257,6
6182,0.5582338577929534,0.5071258187042724,0.4731762534007675,6
6193,0.5461080586080586,0.4877957055340423,0.41478342749529196,6
6194,0.6299478344792537,0.5232648221343873,0.5656321812253563,7
6207,0.6004081632653062,0.6162249984193294,0.557532334402059,7
6211,0.6224231331328518,0.5469458941892226,0.43456570554219737,6
6218,0.5653664623456024,0.44354618105058047,0.392002038802837,5
6254,0.5421052631578948,0.5299949248313249,0.48528102359259695,7
6290,0.6296352583586626,0.5555555555555556,0.4285714285714286,5
6291,0.4337779418114431,0.4921163438580962,0.44777418092112425,5
6292,0.5841594620474602,0.5242593457167624,0.42048046394404787,7
6293,0.5169821130815286,0.5158451847522566,0.44332496241342323,6
6294,0.5023972934349208,0.4107142857142857,0.3836671080216264,5
6295,0.4562698267558576,0.4467254696847033,0.40483426704014935,5
6347,0.44318181818181823,0.42105263157894735,0.4,5
6348,0.5816888509509277,0.5374711624444717,0.4543449632912992,7
6364,0.48633423642735346,0.4670601873795193,0.3568269762299613,5
6365,0.4854076411130329,0.429716190242506,0.3975885225885225,5
6368,0.43999999999999995,0.4085182037007257,0.318936170212766,5
6394,0.5800000000000001,0.571710976968727,0.49276856042897416,7
6397,0.5829861726755039,0.49291413837267467,0.4776215225705027,6
6398,0.5770718460736379,0.5242555947496654,0.43900504772336996,6
6400,0.564557331385494,0.5338880042176651,0.46965936016886234,6
6401,0.6030949008272637,0.5654932360405984,0.5198973279551599,7
6402,0.5842097949772672,0.5829891817540828,0.5615489632374813,7
6450,0.596251183196265,0.5575552981105281,0.5086614667535071,7
6457,0.4288881112759484,0.45905028702511547,0.4348655789230119,5
6466,0.5632560483870968,0.5568181818181818,0.35518518518518516,6
6469,0.5346946181930163,0.4820538313138834,0.42099679933281875,6
6470,0.527494269169114,0.4561945307478748,0.47113821138211387,6
6471,0.5048788638262323,0.493421875661247,0.44318181818181823,5
6473,0.5632558695058695,0.46296296296296297,0.443277468151548,5
6484,0.4939700374531835,0.4345945349293563,0.37713675213675213,5
6493,0.5794565749420015,0.4911131554756449,0.45171503416375736,6
6495,0.622554347826087,0.53133858473436,0.5555555555555556,7
6502,0.4655263157894737,0.2666666666666667,0.3125,5
6520,0.5744013705165827,0.5347681485051948,0.4196376371568186,7
6522,0.5835554492436669,0.39456159822419534,0.34095679012345687,5
6540,0.4842966620729785,0.43310610374369707,0.37685080329470555,5
6544,0.45100139323649435,0.4459827707454289,0.35157016813031206,5
6546,0.6169488916256157,0.6039554108503226,0.49391524570993445,7
6547,0.505570818070818,0.46478873239436624,0.36846153846153856,5
6548,0.6636577708006279,0.6408371040723981,0.48669331810394056,7
6569,0.6562793899721123,0.5535893649250023,0.47815169107240835,6
6570,0.5291217212125553,0.4607158863443203,0.40605859016223256,6
6582,0.6364915102651166,0.5380834779880097,0.48032334547638567,6
6584,0.450699946881981,0.45408747543535843,0.4042253521126761,5
6585,0.49790635706128666,0.4265561844652069,0.3751196172248804,6
6587,0.6875,0.5742203267637671,0.43766578249336874,6
6588,0.5826598937889633,0.4661740179942945,0.5238095238095238,6
6595,0.6513375672849785,0.5522154634068622,0.42331483142420506,6
6653,0.5297906602254429,0.44065394261427804,0.4430217189401247,5
6688,0.5099368212815096,0.4842105263157895,0.49621621621621625,6
6710,0.6123724343538585,0.5339020759397567,0.47992143192831593,7
6751,0.5858447488584475,0.5593032761489487,0.46717455780092254,6
6754,0.5538182653522628,0.57489771551027,0.4087411711095921,6
6761,0.5099001296897421,0.491906621419806,0.3528643480164957,5
6775,0.5236840878374718,0.5137540503883248,0.41327509791283534,6
6785,0.5117338378394319,0.47179474770938185,0.38333482059787255,6
6788,0.5309858762804089,0.44229040095666144,0.45172599784250267,5
6791,0.6084905038318057,0.5608386823550275,0.47097392180377623,7
6805,0.5862942872730107,0.4480083857442348,0.4284536394525028,5
6820,0.4682246233148295,0.3773584905660378,0.368114406779661,5
6877,0.5708822329261742,0.49891156269065234,0.4406969086939633,6
6947,0.6037323810005009,0.4719640574484138,0.4618055555555556,7
6948,0.4969179459274065,0.373688387113828,0.36875803039544086,5
6981,0.5030429360430196,0.4556227088480315,0.4155871763908161,5
6982,0.5451331110556161,0.38134341136839467,0.4368663135110504,5
7026,0.476553269641377,0.4111233964326025,0.3632173913043478,6
7037,0.49234469447603085,0.46709661835748795,0.34858259970654926,5
7071,0.5858531152350803,0.5419500430373415,0.4310505168653207,6
7080,0.3715986394557822,0.25,0.3945401929746352,5
7081,0.5855412197169516,0.4736880813104864,0.37611987365309163,6
7102,0.5190401924876921,0.47866316949957927,0.42665210050381003,6
7104,0.5780903665814152,0.38888888888888884,0.4025764895330113,6
7105,0.6235294117647059,0.5480884761177093,0.38095238095238093,6
7116,0.6130064927757053,0.476849181549462,0.4918184637744281,7
7133,0.49242424242424243,0.5827375785871027,0.4882882200512368,6
7151,0.5795355466130114,0.4804022257154977,0.3529411764705882,6
7178,0.5980140512493732,0.5052271525942412,0.4570802106153196,6
7179,0.48425394942040817,0.4037670419249366,0.38471538254298276,5
7182,0.6346153846153846,0.38888888888888884,0.33999999999999997,5
7202,0.5300914231118504,0.5059451561486933,0.3927321583750816,5
7204,0.5352882930288134,0.45271356337314395,0.4728597003121342,6
7210,0.48959692341800753,0.4567118320797029,0.378571667740495,5
7214,0.43269349327133105,0.4111652724910029,0.36749065823512495,5
7215,0.48125,0.4606741573033708,0.3265306122448979,5
7221,0.5332994574320968,0.3991431956977486,0.4242474580504242,5
7235,0.6170816497160607,0.574054387528968,0.5575234847681138,7
7284,0.5142576170259976,0.45324153178311005,0.4083693930652186,6
7287,0.5185528756957329,0.46940713607380263,0.30456965394853597,5
7316,0.6734693877551021,0.5798126842558243,0.4995846500865375,7
7320,0.5405405405405406,0.5747967479674796,0.4810692102358769,7
7321,0.38888888888888884,0.49456785077200444,0.37030643958907805,5
7332,0.5257377558136571,0.4253679243152927,0.368114406779661,6
7335,0.5386894950456114,0.5069707226211997,0.4732184330280449,6
7348,0.66,0.5098110465116279,0.49115757273623994,7
7350,0.6038324420677361,0.5557172030042212,0.4846456165288592,7
7351,0.6001984126984128,0.43991228070175437,0.5056179775280899,5
7352,0.56,0.5219184062392296,0.5128218534776448,7
7364,0.5063326123527997,0.44291068563563174,0.4124870544207561,6
7389,0.48665905697358025,0.47702020202020207,0.3518181818181818,5
7393,0.6214291279875785,0.5310218765089179,0.49658869395711497,6
7396,0.5183697927689045,0.42339580188036813,0.3678951957941916,5
7418,0.5383108493297076,0.5219838724742638,0.4044960918869812,6
7420,0.5104166666666666,0.5192694481908177,0.4132387294915642,6
7439,0.6470588235294118,0.53125,0.4415584415584416,6
7440,0.5618142244841327,0.5539241088342317,0.4534395312077712,7
7441,0.43954130703694444,0.4307950625812549,0.3596319278109621,5
7476,0.5769351671080136,0.5337714558107486,0.4701307882644044,6
7478,0.40620031796502376,0.40939334254441406,0.3988362011471255,5
7479,0.42441747137910824,0.4152525075543007,0.4234175546675547,5
7487,0.5279320987654321,0.5076134216626891,0.4943006025077349,6
7536,0.6163599999011966,0.6176230661040788,0.4595055413469736,7
7605,0.5966920186649142,0.5304457547652139,0.4832674199031607,6
7616,0.5692307692307692,0.5027920962199313,0.4155118714453372,6
7637,0.5307367407367407,0.3413043478260871,0.38888888888888884,6
7710,0.5226720764873466,0.4644042838018742,0.3998015873015872,5
7737,0.6124042624042624,0.6029411764705883,0.49681605975723625,7
7738,0.5111111111111111,0.5302494925095544,0.3686286572600055,6
7739,0.5340909090909091,0.46575689559906214,0.39261363636363633,6
7744,0.6776611694152923,0.3678753309178264,0.3529411764705882,5
7804,0.6061194029850747,0.5646528019265208,0.4611681643132221,7
7806,0.45530985746912656,0.3502316892123032,0.3592405221970555,6
7810,0.48273042815296335,0.47971514886057626,0.4194444444444444,5
7848,0.6412218733647306,0.5809305238786371,0.40681126331811257,7
7887,0.4474481658692185,0.40895061728395055,0.46091619332135325,5
7888,0.5539956076993738,0.48694407135936063,0.3699074761176825,6
7889,0.5825408676623048,0.4593437820732124,0.4759781357882624,6
7897,0.5751915009566015,0.5126243164031785,0.4806837606837607,6
7902,0.4507651594973861,0.37279639121041774,0.42105263157894735,5
7908,0.5838424723350893,0.543510555172527,0.4220093520149094,6
7930,0.6101576223709824,0.4879280821917808,0.43851851851851853,6
7940,0.5797931163609962,0.47679733035091426,0.4372323322366986,5
7965,0.375,0.38296118447378946,0.45833333333333337,5
7970,0.49711867134466126,0.504157987791032,0.3265306122448979,6
7985,0.49191873351282267,0.4140247855642554,0.4426229508196722,5
7989,0.5261415505679806,0.4088050185109009,0.39555367018602317,5
7990,0.5722114121145864,0.4760313935373541,0.4022263719404528,6
7996,0.5050505050505051,0.43068842095477144,0.39924528301886797,5
7998,0.5431895069602352,0.47206808296108405,0.4676298575596645,6
8000,0.45989053221552684,0.3959530169948546,0.35461770948689564,5
8066,0.6465183752417796,0.5457075820162464,0.43626891590887534,6
8068,0.54,0.4407894736842105,0.3265306122448979,5
8092,0.5854798601815009,0.520028390661067,0.43981815306767874,6
8095,0.5754728049015597,0.5043569784434446,0.4031875563863413,6
8099,0.43106060606060603,0.3850454227812718,0.3529411764705882,5
8111,0.467396667259681,0.43135085905799603,0.3779845360663775,5
8114,0.47777777777777775,0.3731343283582089,0.4895833333333333,6
8115,0.5691322901849217,0.5562830711374405,0.42824005895145295,6
8119,0.5774647887323944,0.537998903508772,0.49940468437417557,7
8120,0.6576660194469813,0.6018286477120176,0.5052768645945295,7
8144,0.5531914893617021,0.48670248972038976,0.420283055751036,6
8184,0.631520165718279,0.5822160895119768,0.5258805850331915,7
8191,0.5527073732718895,0.39533598585322727,0.3330419667867146,6
8195,0.5480007237480208,0.451150657518582,0.4278334422256552,6
8219,0.5881441206540967,0.4913109929482597,0.511804891663741,6
8222,0.56563258911085,0.4735007639419404,0.5020599267967689,6
8224,0.5438533756827441,0.47018615875037373,0.38774250440917113,5
8227,0.5632554391619662,0.5126923040347356,0.40625,6
8229,0.6011758684723242,0.5463468248875702,0.4959001843283943,6
8258,0.5582614202754466,0.5392238691139345,0.4476283190542417,7
8270,0.6173772840819768,0.517511530093711,0.4579946169616411,6
8271,0.5889039479845828,0.5623205006740115,0.45365033661362497,6
8272,0.5604608385050728,0.45374250902139956,0.5062067319169252,6
8274,0.6281233577511244,0.5837446277896058,0.532146929274559,7
8290,0.6061965811965812,0.5231228904036563,0.4911683823939176,7
8291,0.6337630534670009,0.6056104468805295,0.47972145465654337,7
8296,0.5494015788133435,0.5060086682427107,0.4404359938793224,5
8326,0.6111197325133327,0.6096887619072654,0.5548675008518882,7
8327,0.4784652399571754,0.43098861872446775,0.33999999999999997,5
8353,0.5773014995408419,0.583264797868024,0.5269240378967797,7
8355,0.5530467497572762,0.4752525911230654,0.3416666666666667,6
8394,0.5552972265103889,0.5305437812963552,0.4360923771870098,6
8396,0.6516509841632143,0.6344965359556024,0.5516773950895859,7
8397,0.5237784639988801,0.48558926646212563,0.4504385964912281,5
8425,0.6553314599734228,0.5789473684210527,0.44313725490196076,6
8426,0.59941259795523,0.5128120579646731,0.43192561825827436,6
8427,0.6412995394544306,0.6234713008933157,0.61597954641874,7
8428,0.5386145458284436,0.5422567312333585,0.4885890218591159,7
8429,0.615556504003845,0.5606397701324408,0.5257986324215039,7
8448,0.4819277108433735,0.5294320688605696,0.5027282046111037,7
8449,0.4960897028292255,0.4153922902848996,0.43647988963999484,6
8454,0.6019396551724138,0.5650068572934365,0.45259714839950965,6
8469,0.6296823727153321,0.5462993080316813,0.5019035608440595,7
8470,0.5533857636616445,0.4511594559920977,0.42063705351506475,6
8471,0.4764252533727359,0.45672339356549885,0.4084921292460646,5
8475,0.4861111111111111,0.3529411764705882,0.43333333333333335,6
8522,0.5607240984068473,0.5226612873453895,0.5569717812086176,7
8538,0.4766205889470413,0.44411402789171456,0.5108695652173914,5
8544,0.6352011772450916,0.5849228295910431,0.5617190545808967,7
8558,0.49315476190476193,0.4658788158788159,0.46036614548412214,7
8559,0.5573999064036702,0.45983779673903863,0.39647058823529413,6
8560,0.570113859749316,0.5582057624330794,0.45021178343492807,7
8574,0.4843764722083306,0.4189247311827957,0.36523199023199027,5
8587,0.5061703129200423,0.47220754636157186,0.4253322282520712,5
8600,0.6218643987040213,0.5304124219425748,0.45794248225339157,6
8605,0.5104166666666666,0.4969743269771767,0.44122811493446074,6
8618,0.6041589267285862,0.6400757954356155,0.4527027027027027,7
8627,0.4443492833938952,0.3370430018655395,0.4320987654320988,5
8642,0.4895575516074207,0.4568770805043587,0.394933154220769,5
8650,0.4330750209389292,0.4373629717003776,0.40940232330041476,5
8701,0.5668785361743107,0.5053206018498444,0.42238562091503273,6
8723,0.5894819466248038,0.5475754691215217,0.5193428722840487,7
8735,0.5571428571428572,0.5833333333333334,0.4293190706234185,7
8737,0.622353280269605,0.5466666666666666,0.45581395348837206,6
8778,0.4157573112178088,0.4295086255558768,0.40994731225823666,5
8797,0.49249743814961205,0.4376444425064318,0.4027777777777778,6
8806,0.5715997851186148,0.6495614035087719,0.3271468926553672,7
8807,0.4229983660130719,0.42302816901408447,0.4461538461538461,5
8841,0.5789930555555556,0.6415481783923894,0.48343045843045845,7
8847,0.5882034632034632,0.5087124591138864,0.5460421551970848,6
8915,0.5796585077192236,0.48677000765249395,0.4915209055221364,7
8921,0.4600690139187664,0.39260857616945494,0.38905244857206334,5
8963,0.5967741935483871,0.4638891350584899,0.35916289592760187,6
8982,0.6077032520325204,0.5044319932453606,0.4550728742963242,6
8988,0.5763888888888888,0.5578160919540229,0.4951382302154774,6
8992,0.6366350910993769,0.5437202567502145,0.4912129041620422,7
9000,0.5096034500312321,0.42839995564120165,0.3563512771575368,6
9001,0.5118063389008984,0.4410111002515805,0.38260676339696764,5
9005,0.5588980019579776,0.4374107540436406,0.40064830499613113,5
9008,0.5505871644774414,0.49830827067669176,0.2666666666666667,5
9021,0.6007750942914054,0.43404870859771244,0.38046840477242605,5
9022,0.6140320136523877,0.5355850090378955,0.42807047580308055,6
9034,0.6586956521739129,0.7333333333333333,0.5163832587669838,7
9035,0.5668763102725367,0.4639129926335008,0.41378273884744976,6
9036,0.5644557823129253,0.47204382420954927,0.3265306122448979,5
9037,0.582382689773994,0.4677542661355969,0.42276177943850357,6
9084,0.5018454814617002,0.47257731958762883,0.38178733031674206,6
9089,0.38451058025487467,0.41690441232207626,0.40819764241423395,5
9092,0.5957716189954835,0.5514849134546894,0.47752969415413654,6
9093,0.7173913043478259,0.5540540540540541,0.47435897435897434,6
9094,0.5612637362637363,0.5298621770802344,0.42874683768944777,6
9095,0.6236711552090716,0.47413515599385025,0.41615200518255446,6
9111,0.6408371040723981,0.5877961611091073,0.5243947368421052,7
9112,0.44611635575490993,0.4203835382191708,0.40163359173115626,6
9131,0.6427882266953431,0.6156297401256449,0.5186707292324564,7
9132,0.6176733779142063,0.5130408834959923,0.48448714767536966,6
9134,0.5190902967546496,0.47174908424908424,0.4946236559139785,6
9135,0.5279661348305873,0.5014010327796683,0.4545454545454546,5
9156,0.6831455660051304,0.6073949579831932,0.5180475070758093,7
9166,0.651063829787234,0.4383561643835616,0.33999999999999997,6
9172,0.5354204892162481,0.3938863750628456,0.35202991452991456,5
9175,0.47779781028861534,0.36405244928253344,0.2895833333333333,5
9215,0.3928571428571429,0.4840290381125227,0.40717948717948715,6
9235,0.6247352573590844,0.5552063216030317,0.45712662987780167,7
9237,0.6507232525833965,0.6229635293533352,0.5325323207409901,7
9238,0.5622545378485262,0.5607962543991956,0.4987585791290705,7
9250,0.5069341307545264,0.4665824717843213,0.40167542419266555,5
9256,0.5741886461712371,0.5153401240555062,0.403271526001705,6
9257,0.5931818181818183,0.5910174357811141,0.5444985176483749,7
9259,0.6390909090909092,0.5011277581012229,0.4416975545494838,6
9280,0.6346153846153846,0.5168539325842697,0.42604355716878395,6
9281,0.5906862745098039,0.5737385356646657,0.5098104397508,7
9284,0.6226415094339622,0.5322148725666374,0.5439253354430199,7
9285,0.6226415094339622,0.5908471496706791,0.485461274121068,6
9287,0.5186713836477987,0.4831460674157303,0.46317774073192036,6
9288,0.559322033898305,0.5217560217560218,0.4246575342465754,7
9290,0.5326712328767123,0.5714285714285714,0.292749658002736,5
9291,0.4731182795698925,0.5093325983978931,0.4198122258194854,6
9304,0.5470055340744661,0.44232565375422517,0.4105946463092279,6
9323,0.48805395169801946,0.4638674025510058,0.42642065784780575,6
9379,0.4888579164496294,0.4238953426611448,0.3729276269422786,5
9386,0.5598144104674775,0.4023324965967589,0.37091240176346557,5
9405,0.4930885482331537,0.48660496178321544,0.423728813559322,5
9416,0.5658354995025833,0.5278777447452145,0.35624999999999996,6
9420,0.44376013091571453,0.38765529193195347,0.33655189918776873,5
9448,0.5983983066910975,0.5126411783463163,0.41404169595121565,6
9483,0.5032273460823737,0.48042083861112006,0.4672211464122651,6
9487,0.589041095890411,0.551667275161251,0.5023144278740795,7
9489,0.4736842105263158,0.4644017374949212,0.3960550091223912,5
9491,0.6106145724710238,0.5218415892008849,0.5111402237757506,7
9492,0.49783783783783786,0.42664796200966565,0.35939765476086727,5
9793,0.5830846108623886,0.5294684812122986,0.4579950860766639,5
9795,0.6187956172743191,0.6006130248322612,0.5485815602836879,7
9809,0.47931147112620853,0.3265306122448979,0.41737329713012783,5
9825,0.5289179104477613,0.44510704374256643,0.32399665551839474,5
9831,0.5605555555555556,0.4220125786163522,0.4326282804543674,5
9841,0.5552657222031111,0.5230256385405634,0.4350291977038516,7
9848,0.5444444444444445,0.4215070643642072,0.4444444444444444,6
9897,0.5724598329777695,0.5197724303953425,0.43169319668677014,7
9898,0.5361955465455851,0.5062743603278502,0.4572424292592039,6
9902,0.6157054882322273,0.5323419949226402,0.45625,6
9926,0.44005467001615467,0.3760875160300382,0.36363636363636365,5
9995,0.5455027962394189,0.49891519217745095,0.3895853423336548,5
10003,0.4969412566256626,0.4199589391326192,0.3372019557176875,5
10009,0.5847222222222223,0.5693493687496939,0.4760499081904531,6
10016,0.6522435897435898,0.5905523129549717,0.5977928392789074,7
10020,0.5316481263455057,0.5147669013955137,0.4438169053021835,6
10029,0.43144178553782,0.40686196902962696,0.3871374926628476,5
10054,0.6723048242214171,0.6240916073671836,0.49513970846485705,7
10055,0.6672077922077921,0.5457472858422414,0.4887313322041401,7
10056,0.6219223883093702,0.5890293173847838,0.5018508962623419,7
10060,0.5543478260869565,0.5203139074532199,0.4943162915608985,7
10077,0.4422228604066257,0.401232736224858,0.3638639386785574,5
10111,0.6111111111111112,0.5401211423103656,0.4565217391304348,7
10112,0.618876481356071,0.5210175401929541,0.41862911038739076,6
10118,0.44518775571407154,0.41944847605224966,0.3125,5
10125,0.6368758524959454,0.5681232520835543,0.48032424461214307,7
10126,0.5694736842105264,0.5592631371030696,0.42725688881349266,6
10165,0.5657894736842105,0.5375084569007652,0.43560435693818145,6
10186,0.6014405762304922,0.5441919191919192,0.3529411764705882,6
10206,0.5810383244206774,0.5038873795132088,0.4126813101301641,6
10211,0.45526979320628563,0.48344031369536716,0.4402969018932874,6
10225,0.5275327898551484,0.4353471860850989,0.42923773987206815,5
10229,0.6206618240516546,0.5900765168713161,0.4736842105263158,6
10230,0.5006112934684364,0.43207830181514395,0.348936170212766,5
10231,0.5663628831814416,0.3125,0.3125,5
10252,0.5255568066888168,0.4332804649172936,0.36566332218506137,6
10278,0.44918983655581823,0.4690718280818669,0.42969341125160904,6
10298,0.47596689173181717,0.44,0.33999999999999997,6
10301,0.4670329670329671,0.4377276887717846,0.4070006639386843,5
10310,0.5467113377576467,0.44772836826695045,0.35046334046108907,5
10311,0.472416332187884,0.5034476976160706,0.4229852114385416,6
10324,0.5482453802096466,0.46489749287397314,0.42751582016025136,6
10325,0.5402233526499836,0.4923007328227166,0.4230778425202842,6
10326,0.5997837503861599,0.49146169991376787,0.4214111457700152,6
10328,0.6134248665141114,0.49367596718054557,0.4248000984282519,6
10352,0.5637610016018124,0.579263339058899,0.4301482657271697,6
10395,0.5161251064865523,0.40909090909090906,0.3685702662117757,6
10412,0.6111111111111112,0.5232431120281587,0.39662982061351826,6
10455,0.75,0.5161991807212395,0.5668538281830732,7
10525,0.6113207547169811,0.5187122977463796,0.44047619047619047,6
10527,0.5318010834058546,0.41870391338883134,0.41478342749529196,6
10533,0.6030405405405406,0.5956929550360699,0.5626537146148621,7
10574,0.5733021812509551,0.5067766535758543,0.4042483660130719,6
10610,0.5757575757575758,0.5823948948948949,0.4870753188191362,7
10618,0.6067813765182186,0.5518706752194462,0.4689768143889846,7
10636,0.5687637011760496,0.5488663858783988,0.5210323476780272,7
10637,0.601822060808129,0.5653543576697799,0.4878213101160862,7
10646,0.5944065126050421,0.5996768564706967,0.4991072151422788,7
10649,0.375,0.44285714285714284,0.42860650850643883,5
10664,0.5446122168840082,0.46324783047675616,0.41221772985923943,5
10680,0.6026921406860617,0.5687276847886332,0.4583407467279416,6
10699,0.5817821678428156,0.569615458900808,0.4224362693459899,6
10771,0.4893617021276596,0.45365911972369777,0.3846297465750542,5
10795,0.66,0.5979229292210688,0.48288172774561167,7
10885,0.6279694976582183,0.5114375623636229,0.5035614582912841,6
10888,0.3922050561797753,0.5204623555139019,0.3653846153846154,5
10912,0.5063472500836695,0.48849301769113096,0.36681749622926096,6
10937,0.5135135135135135,0.4873061699446714,0.4220093343158928,5
10940,0.6147144522144522,0.4144444444444444,0.365149833518313,6
10949,0.49903910905277077,0.3991990846681923,0.33272058823529416,5
11044,0.5510794862819364,0.48171589310829815,0.3715440659292251,5
11442,0.7173913043478259,0.48484848484848486,0.5993589743589745,7
11444,0.6100000000000001,0.43243243243243246,0.4117647058823529,6
11453,0.6818437376587296,0.6080419413096307,0.4772668145748744,7
11456,0.592948717948718,0.5647810714438866,0.4476851382370876,6
11457,0.6091172181204995,0.5628815628815629,0.46449150100835496,7
11482,0.6366604983692502,0.6108404172631904,0.5471719856318141,7
11487,0.6198801275785748,0.6216977306737121,0.5105238351624906,7
11498,0.55,0.5302359438425012,0.48888888888888893,6
11508,0.7049806201550388,0.5214107824322237,0.4411764705882353,7
11517,0.4935653676298431,0.44798786102327876,0.4767441860465116,5
11526,0.4762238559881313,0.390272645560771,0.43617021276595747,5
11529,0.54673784029313,0.45379471714610903,0.394439935064935,6
11537,0.5991559186649472,0.5181012161439522,0.4897100073187833,6
11538,0.4835164835164835,0.5264893926184249,0.41666666666666663,5
11546,0.6734693877551021,0.5296185091625761,0.4389872132089265,7
11547,0.6358169189301265,0.4905341588469418,0.5204096110545634,6
11548,0.5100515004874064,0.4115821886418751,0.33016120604769805,5
11589,0.4675324675324676,0.4146096929337773,0.44483880508725226,7
11593,0.596500814000814,0.45380517023959643,0.3694316331887503,6
11594,0.42608650623101735,0.3198286866233908,0.40796835696547296,5
11662,0.5258095662507427,0.48446577595891505,0.38166170142336975,6
11701,0.5573770491803278,0.46633590171783995,0.44401638692813233,6
11741,0.4299078892539077,0.49316352747171277,0.39926674807827234,5
11761,0.5866430559069061,0.5431034482758621,0.45963040740337446,6
11762,0.6,0.5378150715998186,0.4218124362956965,6
11763,0.6110682475047481,0.5331330383530672,0.46197335237292636,7
11800,0.6094619666048238,0.5341286472487543,0.47132881147590683,7
11835,0.6331439393939394,0.5419633728078691,0.40483884339574583,6
11848,0.6820225335087663,0.568513806172317,0.5283952736601936,7
11849,0.6466718141418843,0.4810866130691098,0.48226163913033676,6
11866,0.6091269841269842,0.5509300864938977,0.5442702818661247,7
11867,0.47956307258632835,0.5283385093167702,0.6059636118598383,6
11878,0.5679448621553884,0.435750300120048,0.42462352094722944,6
11880,0.6200328346551081,0.6675990675990676,0.5081411462673228,7
11891,0.5735294117647058,0.48647058823529415,0.42622950819672134,6
11904,0.4139705882352941,0.42238474829184014,0.4169327527818094,5
11917,0.6470588235294118,0.4530714607729808,0.41666666666666663,6
11968,0.4577000160695813,0.4612894417472328,0.42105263157894735,5
11978,0.6083115561810258,0.4872783623609095,0.42812711291413114,6
11979,0.5978376086495654,0.5692057759822423,0.4701556473893908,7
11980,0.6174649306775398,0.3903191236008574,0.39143228305145605,5
11981,0.5226648351648351,0.4347826086956522,0.418907071887785,5
11984,0.45213963963963966,0.43330017441971896,0.3805263157894736,5
12005,0.5788275904203323,0.5513939922424089,0.443076566559204,7
12015,0.607967032967033,0.5620748746490566,0.48116623107901707,7
12016,0.5441542339385815,0.4633992373467816,0.3347030905283068,5
12024,0.5362171319134625,0.44558232931726915,0.37947031039136303,6
12025,0.6528703703703704,0.4755850230936749,0.46620136256462413,6
12026,0.5568096399640129,0.4736228059371535,0.40258662990337357,6
12027,0.4943070074157137,0.3996567373925865,0.33834343309160064,5
12028,0.5634319667260843,0.45866013071895423,0.3880494505494505,5
12046,0.6223214285714286,0.5368421052631579,0.44736842105263164,6
12052,0.5760035008155309,0.5408021452363238,0.5473178137651822,6
12067,0.5882571976158885,0.5184681452524391,0.4031728354003432,6
12093,0.5773389661241586,0.578430092924094,0.48258646251902065,7
12094,0.6138914027149321,0.5097968936678615,0.4089727544045442,6
12113,0.5509953307455537,0.5583952634346698,0.4919951774395265,7
12114,0.5351654846335697,0.5239635296053048,0.46244876175910654,6
12140,0.5454545454545454,0.5040573687153678,0.41731934001670834,6
12172,0.5569620253164557,0.559322033898305,0.5782608695652174,7
12217,0.6028853399263614,0.5590289344559636,0.5133928571428571,7
12246,0.5337247816922615,0.5697674418604651,0.4098360655737705,6
12255,0.5106382978723404,0.5142642642642643,0.4117582417582417,7
12298,0.6176470588235294,0.440547263681592,0.3971830985915493,6
12302,0.576271186440678,0.5342237313714393,0.5121368726019889,7
12306,0.55,0.3775893781920783,0.5277671451355662,6
12363,0.5529473886328725,0.42580858508277863,0.33999999999999997,5
12387,0.4946629213483146,0.5420560747663551,0.37735849056603776,6
12400,0.5618749396419069,0.41407966137040114,0.3944898873641217,5
12467,0.4522846441947566,0.4185582052640876,0.3324808184143223,5
12510,0.539405684754522,0.561884236453202,0.48820423361948784,7
12602,0.5865309441160834,0.5375334267165197,0.4211899747357625,7
12629,0.6226415094339622,0.5555555555555556,0.6091820987654322,7
12714,0.7424165824064711,0.615479084272561,0.5352667596136698,7
12715,0.5397779277689999,0.5281837124880029,0.45907844803501585,6
12729,0.5402298850574713,0.3877347417840375,0.47058823529411764,5
12777,0.5961095577795779,0.49385620915032674,0.3877381938690969,6
12825,0.6875,0.5142895682777863,0.5398935810494843,6
12826,0.538112533127904,0.4590453652953653,0.36651583710407243,6
12873,0.6325847711135271,0.568087491385066,0.45760371650909015,7
12890,0.47058823529411764,0.4238390092879256,0.5324675324675324,5
12925,0.6473214285714286,0.4642857142857143,0.3650793650793651,6
12930,0.5168168168168168,0.527051282051282,0.6409189022510022,7
12942,0.5555555555555556,0.43243243243243246,0.386304347826087,6
12959,0.6481716417910448,0.6069069219611646,0.48341209602120416,7
12961,0.5054046452922858,0.39192982456140346,0.4824168797953964,6
12962,0.5353571428571429,0.44600499375780284,0.40838908903757076,5
12992,0.558006072874494,0.4487179487179487,0.4222925457102672,5
12993,0.7173913043478259,0.4735044032796842,0.41372045946709346,5
13001,0.5687134502923976,0.4817073170731707,0.5405405405405406,5
13002,0.5934444016600351,0.5262483994878361,0.5609903381642513,6
13018,0.4601264704758995,0.4312865497076024,0.38302689451294264,5
13041,0.5957887049659201,0.5654130504660881,0.42569612590799033,6
13058,0.6203235591506572,0.5978671887174692,0.4626196808510638,7
13077,0.38312368972746325,0.4893617021276596,0.44331565608161344,5
13079,0.5387989203778678,0.4545454545454546,0.3858173076923077,6
13123,0.4653465346534653,0.5604395604395604,0.27252906976744184,5
13172,0.61503216658767,0.5505354992477267,0.4216922724145838,7
13173,0.6271242432747983,0.5511507641893448,0.5260194791082577,7
13174,0.5889594676346038,0.5180570739983359,0.4663967998420727,6
13200,0.6630580272634244,0.6111111111111112,0.5338135198779718,7
13203,0.5185185185185185,0.5460526315789475,0.409227330779055,6
13246,0.44582876080944644,0.3665635451505017,0.33047562123594665,5
13249,0.49925939291229476,0.4661650780539476,0.411756168359942,6
13265,0.5755150024806402,0.6057136236680183,0.5733333333333334,7
13266,0.4943820224719101,0.5892857142857143,0.47589063794531894,5
13279,0.5175736961451247,0.5328019212896036,0.4216901114548044,6
13282,0.45247863247863246,0.38014492753623186,0.32499999999999996,6
13296,0.45977011494252873,0.4291072261072261,0.36094720131183444,5
13301,0.45117988394584135,0.42910216718266253,0.4071969696969697,5
13343,0.43314903856439224,0.41795356499856723,0.3429550309691388,5
13374,0.5966666666666667,0.5062229637869238,0.4558974105733745,6
13380,0.619992441421013,0.5491011235955057,0.48787815126050416,7
13385,0.620626007252216,0.5006371640407785,0.5603715170278638,7
13388,0.5716350798959495,0.37735849056603776,0.38888888888888884,5
13392,0.6165615349234509,0.511996336996337,0.33999999999999997,6
13394,0.576271186440678,0.5080745341614907,0.3430529877274824,6
13396,0.6303763440860215,0.4859449427384209,0.28260869565217406,6
13399,0.6383928571428572,0.6631105342850961,0.4354838709677419,7
13400,0.6734693877551021,0.4472701025390157,0.4107142857142857,5
13480,0.5206833154588631,0.5445351044055313,0.493394751583246,7
13481,0.5683421951370694,0.5041666666666667,0.4581589829482011,6
13574,0.5311815336463224,0.4827142022829632,0.4193548387096774,6
13589,0.5929889183054526,0.5417822407861691,0.4810126582278481,7
13658,0.7674418604651163,0.522086031452359,0.5892857142857143,7
13686,0.5553038324509706,0.66,0.3653846153846154,6
13773,0.6264236603159609,0.5848717948717949,0.4279595404595405,6
13836,0.5764328202158632,0.6111764705882353,0.45269981942255405,6
13865,0.6521488469601677,0.5713134246119524,0.5098025021053533,7
